{"cameraMode":{"drawMode":0,"name":"Shaded","section":"Shading Mode"},"sceneLighting":false,"audioPlay":false,"sceneViewState":{"m_AlwaysRefresh":false,"showFog":true,"showSkybox":false,"showFlares":true,"showImageEffects":true,"showParticleSystems":true,"showVisualEffectGraphs":true,"m_FxEnabled":true},"in2DMode":false,"pivot":{"x":0.2540346086025238,"y":1.0392686128616334,"z":-0.4987819790840149},"rotation":{"x":0.11942915618419647,"y":-0.22780121862888337,"z":0.02809034287929535,"w":0.9660251140594482},"size":0.7736533284187317,"orthographic":false}