{"cameraMode":{"drawMode":0,"name":"Shaded","section":"Shading Mode"},"sceneLighting":false,"audioPlay":false,"sceneViewState":{"m_AlwaysRefresh":false,"showFog":true,"showSkybox":false,"showFlares":true,"showImageEffects":true,"showParticleSystems":true,"showVisualEffectGraphs":true,"m_FxEnabled":true},"in2DMode":false,"pivot":{"x":-6.815942764282227,"y":-3.2904820442199709,"z":3.2956228256225588},"rotation":{"x":-0.10490208119153977,"y":0.32682740688323977,"z":-0.036529164761304858,"w":-0.9385362267494202},"size":0.8660253882408142,"orthographic":false}