{"cameraMode":{"drawMode":0,"name":"Shaded","section":"Shading Mode"},"sceneLighting":false,"audioPlay":false,"sceneViewState":{"m_AlwaysRefresh":false,"showFog":true,"showSkybox":false,"showFlares":true,"showImageEffects":true,"showParticleSystems":true,"showVisualEffectGraphs":true,"m_FxEnabled":true},"in2DMode":false,"pivot":{"x":-0.15146352350711823,"y":0.5620765686035156,"z":-0.9883013963699341},"rotation":{"x":0.0963364988565445,"y":-0.1434040665626526,"z":0.013953497633337975,"w":0.9849415421485901},"size":0.749088704586029,"orthographic":false}